Classifier models,Score
random_forest,0.6462585034013606
logistic,0.7074829931972789
gradient_boosting,0.6326530612244898
xgboost,0.6258503401360545
adaboost,0.673469387755102
svc_linear,0.7006802721088435
svc_poly,0.6938775510204082
svc_rbf,0.6938775510204082
GaussianNB,0.6802721088435374
neuro,0.7142857313156128
