Regression models,Score
multi_linear,0.02513028313700638
random_forest,-0.09024417515900551
logistic,0.6190476190476191
gradient_boosting,-0.18504586459848205
xgboost,-0.1838772538687108
adaboost,-0.0477250756163885
