Regression models,Score
multi_linear,0.28730440940838287
random_forest,0.18393373179340455
gradient_boosting,0.25642604639585087
xgboost,0.0870723237193366
adaboost,0.1901622714193879
